Image	Prediction
4338	0
3611	0
2119	0
189	1
1141	0
4913	0
4921	0
1778	0
430	0
1282	0
2544	0
2189	1
1246	1
1823	0
5119	1
881	0
2004	0
3193	0
527	0
2399	1
507	0
1559	1
2620	0
2114	0
5381	0
2875	0
5374	0
1727	0
1443	0
3898	0
872	0
4608	1
2068	1
3893	0
1933	0
4527	1
5070	0
2943	1
3496	1
994	0
2444	0
2614	1
3073	1
2425	1
2730	1
2101	0
544	0
405	0
2700	1
4267	1
5398	0
2249	0
468	0
2153	0
1249	0
4330	0
3641	0
1023	1
4306	1
4229	0
59	1
632	1
1505	1
2767	1
4631	1
1027	1
4072	1
1268	1
3707	0
1781	1
4480	0
5393	0
2451	0
799	1
1464	1
3132	1
575	0
2862	1
357	0
257	1
1713	0
2769	1
667	1
738	0
2297	1
55	1
4709	0
1816	0
4562	0
3725	0
3515	0
5202	0
273	1
4049	0
5414	1
676	0
2098	0
1530	0
203	1
3930	1
3367	1
938	1
457	0
1646	1
2333	1
4542	0
1631	1
5253	1
1197	0
789	0
1334	0
2181	0
4594	0
3224	0
4800	0
2694	0
3824	0
3057	0
2221	0
1902	0
3473	0
2037	0
3008	1
268	1
485	0
2369	0
2655	0
3537	1
3454	1
296	0
4447	0
948	1
2094	1
5325	0
3943	1
5490	0
566	1
4731	0
1189	1
1523	1
5106	0
1535	1
5378	0
4319	0
2257	0
4885	0
5455	1
4802	0
5460	0
4967	1
1576	0
810	1
2608	0
5480	0
4922	1
5012	1
264	1
4539	0
553	0
313	0
2935	0
3869	0
4408	1
1081	0
1001	1
1805	0
4590	0
502	0
5227	1
5336	0
1590	1
395	1
2120	0
830	0
843	0
2162	0
5342	0
2563	1
1300	0
1378	0
4517	0
649	1
718	1
5059	0
2797	1
2327	1
3329	1
3063	0
986	1
4174	1
4523	0
4991	0
4917	0
3047	0
2831	1
4662	1
3631	0
454	0
2802	1
3933	1
2643	0
5013	0
4240	1
5306	1
5191	1
417	0
4924	1
4118	1
3659	0
2503	0
3906	0
1047	1
1162	1
4391	1
216	0
5443	0
4364	1
768	0
103	1
5266	1
3790	1
669	1
3257	0
2840	1
3630	1
4078	1
1073	1
3373	0
1745	0
652	0
5134	0
3059	0
3353	0
1011	1
3416	1
3370	0
3427	1
1385	1
791	1
229	1
3787	0
3662	0
5410	0
3093	0
3088	0
617	0
4646	0
5217	0
723	1
5247	0
3183	0
3729	0
1123	0
2930	1
2490	1
146	1
2990	0
1203	1
959	0
1455	1
2823	0
3875	1
5159	0
4628	0
1139	1
1430	1
1419	1
3538	0
2394	0
4789	1
3754	0
3215	1
2712	1
4390	1
4688	0
3425	0
2897	1
4187	0
5404	1
3764	0
4251	0
2527	0
1670	0
5283	1
5112	1
2922	0
16	1
4331	1
1216	1
1431	0
1391	0
3366	0
1264	1
1164	0
4877	1
5390	1
4719	1
1691	0
3685	1
2801	0
2205	0
1383	0
704	1
2434	1
3858	1
3438	1
2886	0
204	0
890	0
3614	0
5486	1
2702	1
177	0
195	0
5087	1
4458	1
223	0
3471	0
4113	1
1728	0
5293	0
4928	0
302	1
4256	0
4367	1
2561	0
2260	1
3781	1
2883	1
3855	1
5032	1
3849	1
4826	0
1981	1
654	0
4949	0
1307	0
4835	0
4007	1
4395	0
438	0
1376	0
4363	1
433	1
2292	0
1301	0
1100	0
270	1
2749	1
685	0
4493	0
4209	0
123	0
5051	0
3461	0
4152	1
2581	0
3965	0
2252	0
306	1
2026	0
4476	1
3509	1
1676	1
4210	1
2760	0
3872	1
1414	0
2711	1
1628	0
719	0
2845	1
2443	1
3138	0
3632	0
4541	0
1351	0
2054	0
3086	0
4859	1
2247	0
2552	1
642	0
186	0
4114	0
1645	1
2963	0
2660	1
602	0
1943	1
758	1
3957	0
4177	0
3252	0
4061	1
1339	0
1252	0
2732	0
2681	0
3618	1
371	1
3295	1
3173	0
3084	1
982	0
4821	0
1927	0
663	0
1915	0
380	0
954	0
1313	1
3716	0
156	0
1583	0
3723	1
2165	1
3130	0
1382	0
1259	1
94	0
4478	1
3986	1
4552	1
5113	1
4414	1
2402	0
679	1
1275	1
5210	0
3236	1
894	0
2036	1
1315	0
1038	0
5361	0
2719	0
1900	1
4948	0
274	1
2617	0
3225	0
1149	1
548	1
3023	1
2400	0
823	1
4555	0
1152	0
3730	1
1785	1
796	1
1964	0
4782	0
2644	1
1799	1
5498	0
3989	0
473	0
2939	0
110	0
410	0
170	0
5424	1
1685	1
3100	1
166	0
766	0
3778	0
4279	0
1423	1
5475	0
4044	0
2218	0
4900	0
3451	1
159	0
2414	1
2890	1
3472	1
1581	0
3677	0
4619	0
844	1
4352	1
4009	1
2740	0
5215	0
1624	0
2601	1
2343	1
3480	1
3300	1
4494	0
3839	0
2770	0
2553	1
1393	0
5061	1
4291	0
3161	0
1358	1
2856	0
646	0
978	0
4625	0
5273	0
5105	0
2670	1
1751	0
1279	0
1441	0
1516	0
143	1
3150	0
2052	1
4400	1
3332	0
2448	0
4503	1
2718	1
476	1
880	0
2204	0
4176	1
1122	1
4420	1
4652	1
3408	1
24	1
4828	1
3273	1
4685	0
3154	0
2341	1
613	1
1329	1
2329	1
3850	0
1496	0
2060	0
675	0
4333	0
2435	1
914	0
423	1
4462	0
3571	1
2946	0
128	0
1827	1
848	0
4795	0
3282	0
4110	1
3452	0
2557	0
2144	0
1103	0
4911	0
3775	0
815	1
779	1
5046	0
2910	1
2868	0
3362	1
1974	0
5339	0
1293	0
4774	0
3410	0
4217	0
2290	1
4902	0
4820	0
1878	0
2645	0
2979	0
952	0
3626	1
5062	1
3645	0
1578	1
4263	0
1747	1
130	1
17	0
3025	0
4287	0
3484	0
1395	0
4860	0
1634	0
4891	0
1191	0
2571	1
4488	0
1343	0
5245	0
5452	0
827	0
5359	1
504	1
953	1
5309	1
839	0
4439	0
2723	0
5367	0
886	0
142	0
640	0
5045	1
4146	0
3921	0
1825	1
2885	0
1303	0
165	0
4019	0
1812	1
1832	1
1905	0
3007	0
736	1
1924	0
5256	1
1215	1
4558	1
3671	0
5042	0
1177	0
4015	1
1972	0
308	1
2014	0
4858	0
1335	0
4964	1
4025	1
325	0
4998	0
1740	0
3681	1
2484	1
4985	0
3558	1
3820	1
3002	0
3553	0
784	1
5236	1
4011	0
4173	0
3497	0
1256	0
577	0
3283	1
576	1
3592	1
3310	0
4156	1
4580	0
3502	0
3378	0
3406	1
1458	0
3026	0
4661	1
3998	1
2123	1
3530	0
1188	0
5268	1
2618	0
2972	0
3890	1
2528	0
4981	0
3083	0
1995	1
1655	1
3230	1
2680	1
2537	1
1877	0
3158	0
981	1
4045	1
4321	0
2810	0
2728	0
3031	0
4055	0
2097	0
3457	1
4945	0
4956	1
294	1
4650	1
4288	1
515	1
1032	1
1439	0
1418	1
5288	0
3874	0
5315	1
3852	0
2057	1
15	1
897	0
856	1
4649	1
4773	0
4758	1
66	0
3108	1
4852	1
1547	1
5158	0
2832	0
2903	0
2898	1
2384	0
560	1
4276	0
1400	0
267	1
48	1
1729	1
5072	1
2647	0
662	0
4722	1
4589	0
1185	1
4255	1
2679	0
3144	1
1089	1
2593	1
1297	1
33	0
4042	1
862	1
1219	0
4272	0
5466	1
2509	1
5149	1
755	0
1998	0
570	0
2880	1
163	0
4653	1
638	1
3053	1
4232	1
414	1
337	1
1677	0
2804	1
2437	0
905	0
109	0
2299	0
1890	1
3768	1
1842	0
2628	1
2986	0
4334	0
1565	1
2826	0
4307	0
561	0
2776	0
3873	0
398	1
2308	0
3032	0
4407	1
782	1
1571	0
2051	0
5417	0
2583	0
2871	1
2492	0
2714	1
4304	0
911	1
5138	1
4564	0
976	1
3692	0
1	0
4213	1
4467	1
1976	0
2962	1
346	1
2129	1
3415	0
1853	1
5425	0
2075	1
4851	0
1774	1
2978	0
1245	0
786	0
5488	0
1217	1
323	1
321	1
5219	0
3549	1
3985	1
587	0
2472	1
3004	1
4601	1
540	0
3665	0
4086	0
618	0
3741	0
1195	0
1042	1
4994	0
4908	0
488	1
1575	1
5182	0
661	0
2697	1
3950	0
5353	0
2074	1
2961	1
2078	1
1101	0
4258	0
160	0
2516	0
2921	1
2829	1
1580	0
5092	1
916	0
4894	1
2611	0
2424	0
4124	0
2846	1
1926	0
3116	1
1113	0
3413	1
1852	0
1265	0
972	1
1389	1
551	1
5373	1
4690	0
2777	1
3435	0
2964	1
889	0
4506	1
538	1
3280	0
5068	0
3030	0
2970	1
5311	1
4743	0
2815	0
2339	1
4920	0
519	1
765	0
748	0
1366	1
1119	0
4718	1
1539	0
1508	1
1285	1
1951	0
162	1
650	0
5157	1
526	0
5200	1
269	0
3414	1
934	0
1840	0
2090	0
4016	0
3016	0
5292	1
3713	0
3489	0
5291	0
859	0
4347	1
3066	1
3188	1
5344	1
3267	1
4699	0
5289	0
4249	0
3810	0
3159	1
5115	0
988	1
746	0
962	0
4401	0
1404	1
5314	0
5000	0
310	1
125	0
4195	1
4292	1
1258	1
205	0
542	1
908	1
406	0
4520	0
1135	1
3184	1
1370	1
647	1
2025	0
4166	0
3095	1
2191	0
85	0
1140	1
2879	1
4068	1
415	0
4832	1
4673	0
5317	0
3714	0
2447	1
79	0
698	1
2918	0
4311	0
2590	0
3799	0
1534	1
3168	1
5482	0
1359	1
5116	0
1717	1
2568	1
3251	1
2380	0
1384	0
5020	0
2794	0
3054	0
2131	1
4365	1
5006	0
4296	1
2635	1
3915	0
2957	0
1750	1
2487	0
4349	1
4089	0
3117	0
648	1
2223	1
1080	1
4866	0
236	1
5127	1
1442	0
18	1
2534	0
2506	0
5225	1
2821	0
4139	0
2602	0
3343	0
1263	1
3149	1
1500	0
3256	1
3192	1
1790	0
4818	0
903	1
3290	0
5082	0
1605	1
2684	1
586	0
174	1
834	1
3308	0
1786	0
5418	0
4633	0
3455	0
2766	1
715	1
4076	0
2184	0
5349	1
1734	0
3371	1
4161	0
1374	0
4528	0
1271	1
3826	1
568	0
963	1
2609	1
1545	0
3091	0
4618	0
2256	0
2773	0
1563	0
1413	1
4582	1
3864	1
1795	0
787	1
2095	1
866	0
3465	1
5091	0
4043	0
348	1
4282	0
3	0
5432	0
442	1
1325	0
1244	0
3181	1
5027	0
4026	0
5264	0
2344	1
4313	0
4845	1
1957	1
3715	1
4881	1
1706	1
537	0
741	0
4569	0
781	1
5504	0
4211	1
2498	0
2334	0
2383	1
3174	1
3580	0
1627	0
803	1
1804	0
4361	0
3323	1
1057	1
46	1
366	1
714	0
2045	1
2636	1
4359	0
588	0
2305	0
4426	0
5179	0
1970	1
1654	0
2932	0
1356	0
3586	0
937	1
2378	0
4429	0
608	1
316	1
3146	0
197	1
2976	1
878	1
3718	0
4689	1
1945	1
3331	0
4615	0
5137	0
4138	1
2514	1
5290	0
13	1
4748	1
3420	1
3806	0
4441	0
3140	1
2137	0
731	1
370	0
5094	0
4001	0
499	0
3099	0
1666	0
2142	1
1928	1
4323	0
4457	1
5172	1
674	0
1874	1
1096	1
3243	0
965	0
1758	0
2012	1
360	0
1231	1
1585	0
2780	1
396	0
4595	0
1657	0
5370	1
111	0
207	0
4065	0
3846	1
3951	0
2150	0
4525	1
1488	0
3772	0
4051	1
117	0
58	0
532	0
4761	1
3917	1
3596	0
2637	1
3067	1
3075	1
3676	0
149	0
5069	0
3312	1
2500	1
1742	0
4546	0
3064	0
3246	1
5175	1
4108	0
1934	0
2523	1
2213	0
3453	0
5021	0
2853	0
4269	1
1059	0
349	0
556	0
1000	0
1834	1
2064	0
5457	0
3766	0
670	0
2003	0
1224	1
3835	0
3565	0
2959	1
812	0
721	0
3969	0
3507	0
4724	1
1801	1
3651	0
292	0
1333	0
2198	1
5126	0
4111	1
3974	0
2358	0
3976	0
5078	0
2874	1
3512	1
487	1
2626	0
4482	1
3648	0
4678	0
1699	0
4356	1
4127	0
3136	1
2683	1
4034	0
4816	0
1332	1
3834	1
2237	1
4504	0
4819	0
1770	1
2762	1
5235	0
2346	1
1180	1
2386	1
5384	1
4868	0
2745	1
4882	0
4396	1
2089	0
2877	0
2496	1
3080	0
3822	0
4136	0
5058	0
2638	0
1594	0
4351	1
1088	1
2066	0
4846	1
4477	1
2540	1
5221	0
2314	1
4461	0
1187	1
1780	1
4586	0
1619	0
5047	0
480	0
4746	0
5276	0
3314	0
2439	0
5451	1
2224	1
2409	1
1427	0
5333	0
4691	1
4186	1
2234	0
2002	1
1136	1
3595	0
464	0
580	0
2418	1
3680	0
107	0
4109	1
5334	0
5258	0
3335	0
2415	1
3286	1
286	1
427	1
5265	1
2023	0
1270	1
484	1
3170	0
5226	1
3014	0
4286	1
4085	0
4903	0
52	1
2463	0
1990	0
2974	0
5364	0
850	1
3342	1
1165	0
2201	1
659	0
5507	1
5272	1
546	0
572	0
5141	0
4613	1
3210	1
1104	0
2820	0
4225	0
3635	0
1235	0
967	0
3185	0
1542	0
89	1
4463	0
3867	0
4382	0
5365	0
3647	0
1735	0
424	0
1022	1
2984	0
1387	1
4180	1
4583	0
1277	0
272	0
3364	0
4368	1
1261	0
1793	1
3421	0
5494	0
1577	0
4096	0
4490	0
2764	0
2884	1
1144	0
1843	1
4277	0
3092	0
157	0
2433	1
4841	0
864	0
4529	1
1007	0
759	0
3396	1
4833	1
701	0
5039	0
407	0
5300	0
2147	0
4791	1
651	1
2102	1
2737	1
2597	0
2177	0
1510	1
3568	1
4278	0
3134	1
780	1
62	0
2117	1
3550	0
3347	0
1158	0
3769	0
5248	0
1241	1
3114	0
4153	1
144	1
1652	0
868	0
362	1
1291	0
5164	0
2406	0
2382	0
1544	1
2347	0
4346	1
1953	0
751	0
1749	1
5132	1
1230	0
2913	0
745	0
2789	1
4603	0
1091	1
4023	0
1755	1
3780	0
3351	0
3818	1
1586	0
2582	0
3690	1
2022	0
742	1
3697	0
1163	0
1286	0
4250	1
5052	0
590	0
865	0
3029	0
80	0
4550	0
3573	0
4405	1
1948	0
132	0
1055	1
5111	1
222	1
1118	0
5241	0
3779	1
2546	1
1409	0
49	1
486	0
2901	0
3281	0
2556	1
3153	1
2459	0
219	1
3643	0
1692	0
739	1
4303	1
619	1
71	0
1708	1
2164	0
2594	1
23	1
5360	0
5041	0
2413	1
645	1
1977	0
5406	0
1190	0
5178	1
5074	0
2287	1
5446	1
5299	0
1406	1
811	0
2677	0
4705	1
3462	1
5098	1
4843	0
3556	0
3971	0
1084	1
4060	0
1412	1
2465	0
2968	0
3827	0
512	1
3376	1
1673	1
644	0
4742	0
4165	0
2041	0
2704	0
1987	1
2077	0
3854	0
4446	0
1603	0
4785	1
573	0
5442	1
2183	1
4206	0
3540	0
1564	0
3704	0
4672	0
1440	0
2111	0
3548	1
2427	0
2688	1
1552	0
1028	0
90	0
3829	1
1257	1
4230	0
4947	1
419	0
1048	0
1416	0
2332	0
3534	0
4872	1
3743	1
4449	0
122	1
1184	0
2808	1
2665	1
1251	0
5176	0
1043	0
2533	0
1851	0
3068	1
2236	0
6	0
2440	0
2175	0
653	0
1345	0
1429	1
1435	0
929	0
3919	0
3567	0
3223	0
2579	0
3070	1
422	1
254	0
2140	1
3987	0
1925	1
1625	0
4682	1
2115	0
1965	1
5465	0
607	0
3240	0
5025	0
5454	0
173	0
4855	0
3695	0
57	0
5080	0
3758	1
989	1
3426	0
883	0
1227	0
2353	1
4807	1
1608	0
1894	0
3792	0
4433	1
2555	0
3021	1
1567	1
1016	0
4120	1
2634	0
5224	0
2194	1
2706	1
3939	1
1479	1
2173	0
1471	0
1776	0
3771	1
1773	0
4632	0
4132	0
4500	0
2323	1
4623	0
4763	0
38	0
81	1
3828	0
2485	0
5250	1
4533	0
2619	1
4271	1
1328	0
3237	1
4149	0
3905	0
153	0
1912	0
1736	0
5444	1
1849	1
4203	1
2428	0
5401	0
1058	1
518	0
2722	0
3365	1
1233	0
304	0
211	1
2924	0
3589	1
2293	1
541	0
2631	0
3160	0
1186	0
3954	1
4201	1
4455	0
1914	0
2032	0
4869	1
3293	0
1061	0
1738	0
1919	1
2340	0
2163	0
3381	0
4236	1
2701	1
3947	0
1980	1
4677	1
2264	0
467	0
936	0
3910	1
3748	0
3755	0
3953	0
4093	0
614	0
409	0
543	0
4637	1
524	1
4194	1
2316	1
4133	0
2586	1
3319	0
1273	0
2515	1
1074	0
1944	0
262	0
2477	1
1269	1
3172	0
935	1
4183	0
2391	1
4839	1
761	1
1695	0
2229	1
3689	0
4914	1
2363	0
824	0
4358	1
4708	1
3590	0
5139	0
1680	1
1283	1
2295	0
4021	1
2861	1
2872	0
2615	0
1142	0
4602	1
5269	0
3657	0
2225	0
2062	0
5142	0
4627	1
3605	1
5243	0
1463	1
3747	1
970	1
5190	0
1797	0
1942	1
3800	1
1127	0
356	1
1202	1
4273	0
655	1
1519	0
633	0
3649	1
4005	0
4028	0
3620	0
4604	0
4622	0
2517	1
279	1
253	0
1020	0
1369	0
4509	1
330	0
1474	0
5430	0
3554	0
3368	0
3289	0
5005	0
4740	0
2336	1
5308	0
2350	0
150	0
806	0
3078	0
4090	0
3330	0
2545	0
2513	0
985	0
635	0
557	1
5485	1
7	0
2673	1
4418	1
2998	0
2121	1
4693	0
3922	1
471	1
1775	1
1004	0
324	0
4238	0
3640	0
5474	0
3076	1
4498	0
5033	0
2446	0
1278	0
4804	0
4098	1
3946	1
3377	0
3510	0
2436	0
1607	1
3941	0
3219	0
1453	0
1428	1
3733	1
990	1
4162	0
4987	1
4117	0
2017	0
4854	1
4148	1
2973	1
3089	1
329	1
1150	1
3570	1
5350	1
3927	0
2495	0
2122	0
3672	1
266	1
328	1
4863	1
684	0
3249	1
5038	0
5310	0
4840	0
3156	1
2286	0
3087	1
354	0
5165	1
3213	0
3261	0
1247	0
4082	0
3734	1
3324	0
1229	1
4510	0
4329	0
3789	1
4024	0
3038	1
4010	0
951	0
2083	0
2649	1
3494	0
773	1
1721	0
4607	0
5060	0
2481	0
3097	0
2790	1
291	0
5368	0
4617	1
847	1
2757	0
4314	1
4713	1
2726	1
3112	0
5354	0
2784	1
2624	0
5198	0
5233	1
1639	0
3221	1
1739	1
217	0
1968	0
4955	1
563	1
2001	1
3354	0
2904	0
4537	0
5161	1
2324	1
4254	1
5017	0
5456	1
2398	0
1157	0
771	1
942	0
3960	1
2227	0
3403	0
3966	0
91	0
1497	0
4135	0
2707	0
564	0
3529	1
783	1
84	1
840	0
353	0
11	0
129	0
441	0
1031	0
3916	0
1026	0
1756	0
3467	1
2079	0
2335	1
2508	1
1126	0
3935	0
2460	0
4220	0
1971	1
5088	0
871	1
744	0
4642	0
5173	0
3062	0
1105	0
4280	0
4244	1
191	0
489	0
2666	1
2841	1
4198	0
1295	1
241	1
3015	0
2951	0
3527	0
1166	0
3719	0
4095	1
3603	0
1641	1
4697	0
3244	1
5298	1
3119	0
2345	0
3882	1
475	0
3024	1
2420	1
2947	0
3051	0
2592	1
3642	1
2453	0
2610	0
2894	1
1470	1
2934	0
3551	0
3259	0
1253	1
4735	1
2532	0
1683	0
3937	0
3389	0
2648	0
2016	1
2048	1
5411	0
3254	1
1426	1
1847	0
5421	1
44	0
1684	1
3052	0
152	0
1013	0
4479	1
1424	0
344	0
2650	1
912	0
2419	0
514	1
3440	0
4302	0
4585	0
922	0
2779	1
1794	1
3101	1
1830	0
2040	1
1182	0
3207	0
2217	1
138	1
3405	1
5196	1
5479	1
3139	1
1629	0
5133	0
5101	1
1690	1
893	1
1222	0
2623	0
239	1
147	0
1347	0
2421	1
2452	0
5188	1
2046	1
1097	1
350	0
565	0
1014	0
3203	0
218	0
3069	0
2273	0
5201	1
1698	0
1482	0
1772	0
2664	0
1907	1
2422	1
1156	0
626	1
293	0
3522	1
271	0
3862	0
4648	0
352	0
2275	0
3391	0
1276	0
3749	0
3326	0
5438	0
3328	1
4710	0
3698	0
5014	1
5431	1
1838	0
4856	1
1591	0
1436	1
1920	0
877	0
382	0
2212	1
5255	1
1600	0
2529	1
437	0
5489	1
446	0
303	1
2171	0
829	0
1009	0
3991	0
4681	0
1761	0
5034	0
4884	0
4745	0
3843	0
3231	1
4907	0
724	1
1498	1
4171	0
3597	0
2029	0
4322	0
4796	0
1362	1
710	0
1845	1
3959	0
1836	0
3508	0
4067	0
4606	1
3456	1
2278	1
2408	1
3120	0
852	0
4516	0
2160	1
4937	1
3802	0
4624	0
231	0
4544	1
492	0
3186	0
381	0
835	1
42	1
2088	0
3429	1
4103	0
5114	1
788	1
2778	1
2848	0
668	0
716	1
4936	0
2270	1
4000	0
1446	0
1357	1
4169	0
1882	0
2771	1
1326	0
5231	1
1952	0
459	0
5081	0
5280	0
2748	0
1562	0
3407	0
3400	1
3474	0
1651	1
2603	0
3442	0
5054	0
5440	1
3788	0
4584	1
3813	0
4610	0
4511	1
4686	0
3341	1
777	1
226	0
1865	0
261	0
1904	0
2373	1
4137	0
5016	1
63	0
4297	0
5423	1
311	1
5071	0
5053	0
126	1
3234	1
2244	1
1658	1
4788	1
498	1
416	0
1146	1
3720	0
1681	1
3450	1
1643	1
3000	0
2521	0
4004	1
185	1
32	1
858	0
3350	1
1672	0
4614	0
857	1
1536	0
3973	0
491	1
3841	1
3638	0
2030	1
445	0
1226	1
3945	1
3762	0
2371	1
979	0
375	1
35	1
3503	1
463	0
1506	1
1579	0
2994	0
3752	0
2473	0
2735	0
2374	0
3880	1
4984	0
1210	0
2010	1
3048	0
4764	1
12	1
2317	0
3490	1
3686	0
4326	0
2028	1
2912	0
3082	0
2161	1
884	0
1346	0
1940	0
36	1
1148	0
1002	0
4598	0
609	0
1762	0
571	1
1155	0
2761	0
4105	1
2262	0
2928	1
1272	0
2	1
4716	0
3498	1
1254	0
3176	0
245	0
4316	0
2113	0
2604	0
2467	0
4181	1
2715	1
3090	0
70	0
2138	0
2176	0
2806	1
3418	0
2203	0
4185	0
2699	1
5037	0
3621	1
3013	0
2562	0
995	1
136	1
4389	1
2466	0
1514	0
3411	0
849	0
3782	1
2860	0
2430	0
1754	0
3239	0
4766	1
2277	1
1630	0
2087	1
2975	0
2914	0
3679	0
3851	0
4895	1
2404	0
863	0
4155	0
2710	1
1138	0
1171	0
3232	1
3588	0
4063	0
1234	1
4850	0
2315	1
5099	1
5447	1
2925	0
1025	0
957	0
1584	0
658	0
2733	0
1445	0
210	0
3751	1
4538	1
3650	0
2525	0
2690	1
1528	0
3463	0
598	0
436	1
3247	1
1294	0
1622	0
4266	0
3307	1
2539	0
5433	1
2836	0
4888	0
4952	1
3209	0
1719	0
5029	0
4559	0
4579	0
743	1
3386	1
1064	0
161	1
3883	0
4571	0
1029	1
3929	1
3085	1
1796	0
4253	1
4767	1
1985	0
1454	1
3633	1
4040	0
3163	1
1596	0
3449	1
1792	0
4234	0
5136	0
5162	1
706	1
102	1
2073	1
4892	0
3110	0
4200	1
4033	0
923	0
3104	0
4355	0
3459	0
2005	1
1145	0
3003	0
4388	1
2953	0
1360	0
5355	0
2059	1
3380	0
2267	0
2891	0
2792	0
5305	0
2905	0
1420	0
3617	0
1789	1
2053	1
2755	0
920	0
832	0
4889	1
691	0
451	0
2019	1
968	1
4643	0
2310	0
5167	1
1005	1
5301	0
4723	1
5155	1
2011	0
549	0
4990	1
3823	0
1228	1
695	1
9	0
665	1
2803	1
341	1
3584	0
1209	0
3811	1
1732	0
2145	0
4680	0
2599	0
2839	0
5275	0
1609	1
4325	1
2093	1
5183	0
1160	0
1255	1
481	0
1650	1
5329	0
225	1
3797	0
4694	1
3844	0
5186	0
2132	0
1959	0
374	1
4600	0
2833	0
5242	1
4064	1
3674	1
3220	0
4366	0
4927	1
4486	0
2300	0
2361	1
2576	0
1661	0
1752	1
2869	0
992	1
1319	0
322	1
2258	0
2566	0
5192	1
2695	0
1885	0
4151	0
364	1
2633	1
4344	1
1372	1
3493	0
2065	0
2493	1
3722	0
1373	1
5389	0
2920	0
5197	0
4762	1
400	1
2318	0
2844	1
4459	0
169	1
5282	0
4215	0
4002	0
3796	0
1469	0
5312	0
379	0
2410	1
636	1
3018	1
870	0
1198	0
5232	0
5356	1
8	1
2438	0
2933	1
276	0
3738	1
3928	0
1939	0
4972	0
2551	1
5263	0
3226	1
367	0
4566	0
4862	0
5380	1
969	1
4184	1
1848	0
4957	0
3599	1
2709	0
4257	1
3505	0
4502	1
2235	0
1509	0
2157	1
2759	1
1071	0
1331	0
5448	0
397	0
4454	0
3615	1
3887	1
4770	1
2149	0
1837	0
1807	1
1492	0
1422	1
5267	0
4645	0
2866	1
1310	0
148	1
3931	0
2750	1
1659	0
2982	0
208	1
3952	1
3604	1
4262	0
1930	1
1405	1
4721	0
450	0
4925	0
5366	1
478	0
1861	0
3663	0
927	1
1872	1
2195	0
4573	0
3909	0
1743	0
2693	0
591	0
1451	0
5467	1
3812	0
3165	1
465	1
3777	0
1083	1
983	1
802	0
5031	1
2896	1
1448	1
431	0
3001	0
298	1
1398	0
3133	0
4893	0
2018	0
1549	0
2482	0
448	1
3856	0
4817	0
5205	0
3169	0
4692	0
2429	1
3309	0
1868	1
1637	1
1949	0
194	1
5399	1
2849	1
4121	0
1961	0
2993	0
2630	0
1208	1
5223	1
5140	0
2674	1
961	1
993	0
4545	0
3652	1
2558	1
4592	1
4524	0
3142	1
792	1
4474	1
4202	0
1844	1
2977	0
534	0
4404	0
2927	0
2321	1
1434	0
1935	0
41	0
5211	1
1462	0
3126	0
326	1
800	1
2172	0
4451	1
2560	0
361	0
2055	1
4489	1
3706	1
947	0
4878	1
318	1
3348	0
2021	1
5419	0
2505	0
4394	1
1306	0
943	0
3559	0
131	0
5383	1
2876	1
3742	0
1078	0
3255	1
3145	1
1984	0
5363	1
1546	0
4641	0
703	0
4609	1
2827	0
3814	1
1541	0
2110	1
5204	0
5409	0
4460	0
3541	0
4192	1
3035	1
3805	1
776	0
2738	0
184	0
623	0
1854	1
4073	0
5007	0
1207	1
4424	0
3278	0
5095	0
4483	0
1111	1
3702	1
2965	1
1371	0
309	0
3313	1
1012	0
4239	1
2118	0
3198	0
4119	1
5470	0
1839	0
3385	0
4071	0
2396	0
4469	0
287	1
3175	0
2613	1
2151	1
2289	0
2763	1
3878	1
841	0
5077	1
2357	0
439	0
4813	0
3860	0
1862	1
4372	0
482	0
1986	0
2411	1
1856	1
3913	0
2280	0
1895	1
2013	0
2716	0
3612	0
624	0
1296	0
2691	0
2567	1
2042	0
2600	0
5252	0
1767	0
1616	1
4532	0
1864	0
3274	0
2158	0
1065	0
3990	1
3445	0
628	0
4732	1
4464	0
3483	0
3744	0
4022	0
2024	1
4196	0
2807	0
2865	1
4075	0
793	1
1024	1
4100	1
4986	1
5076	0
3900	1
1558	1
3653	1
1992	1
449	0
1644	1
1072	1
4778	1
4873	0
4715	0
1093	1
688	0
3492	1
3284	0
1067	1
3344	1
860	1
1660	0
4663	0
3115	0
4597	1
1714	1
3644	1
3399	0
3081	1
193	0
1726	0
5385	1
574	0
1783	0
1092	1
3670	0
312	0
3055	1
4170	0
5107	1
3468	1
3712	1
2375	1
809	1
3061	0
1302	0
250	0
3315	0
3358	0
819	0
3728	1
3143	1
5083	0
625	1
4640	1
3770	1
5463	0
569	1
1018	1
4838	0
3962	0
331	0
1883	1
2306	0
1170	0
4167	1
124	0
1764	0
559	0
93	1
539	0
2812	0
1467	0
4707	0
4354	1
1476	0
3352	0
4910	1
2696	0
4421	0
730	0
4578	0
1518	1
757	1
3355	1
1674	0
2469	1
3180	1
611	0
4470	1
1299	0
1889	0
4235	0
2412	0
4037	0
1077	1
4422	0
3118	0
2279	0
1757	0
5413	1
2985	0
1176	1
1632	0
4381	0
3479	1
4182	1
1456	0
4104	1
3499	1
4357	0
4526	1
4926	1
4644	1
3485	1
363	0
904	1
585	1
317	1
3197	0
4853	0
5345	0
5234	0
869	0
4387	0
4675	1
3375	1
1309	1
2675	0
3682	0
4874	0
1095	1
4824	0
5079	0
4647	0
2906	1
4130	0
3182	0
3591	1
4416	1
4784	0
1194	0
2166	0
1167	0
5057	1
3477	1
3206	1
873	1
4328	0
1753	0
2441	0
2987	0
4867	0
4727	1
797	1
4481	0
4823	0
3978	1
1701	0
2793	1
1869	1
2960	1
3044	0
2091	1
4074	0
4518	0
3322	0
838	1
4883	0
4992	1
3932	1
4056	0
2471	1
3382	0
966	1
4901	0
188	0
4376	1
2034	0
3710	1
2772	1
4777	0
5464	0
4812	0
4576	1
4126	0
795	0
672	1
1960	0
2130	0
2192	1
1502	0
4191	1
21	0
3321	1
77	0
5340	0
4890	0
1999	0
3458	1
1196	0
2084	1
4954	1
2507	0
2654	0
2612	0
1161	0
2141	0
4013	0
2070	1
4560	0
385	1
212	1
5471	0
1133	1
3060	0
3783	0
1633	0
4207	1
505	0
5450	1
2795	0
1323	0
5030	0
1484	0
509	0
5174	0
4248	0
2786	1
1033	0
246	0
2242	0
5209	1
1909	0
1143	0
4587	1
2456	0
2591	0
5117	0
1380	1
1314	1
3785	1
1489	1
4341	0
234	0
1829	0
3306	0
4189	0
1206	0
4497	1
3212	1
3111	0
5160	0
4197	1
1035	0
5222	0
4018	0
4384	0
14	0
78	0
732	0
3840	1
1120	0
2284	1
2241	1
4561	0
1507	0
4168	0
4512	0
807	0
280	0
3912	1
5009	1
5093	1
4769	1
683	0
3547	1
885	1
2462	1
1338	0
3585	1
4827	0
2031	0
164	1
5347	0
1344	0
247	0
1019	0
2782	0
1898	0
4438	0
2864	1
1665	0
4939	0
1598	1
1782	0
1725	0
2303	0
513	1
3884	1
1601	1
945	0
1115	0
3724	0
4799	0
4305	1
3683	1
5239	1
3036	0
3419	1
2043	1
5018	0
2301	1
5026	0
4237	0
1723	0
1587	0
2616	0
2395	1
2919	0
4031	1
1062	0
918	1
3320	0
251	0
31	0
5	0
2370	0
1623	0
5338	1
4081	0
3058	1
5495	0
996	0
2104	1
1886	0
5481	0
5124	1
3572	1
1668	1
3871	0
1349	0
2499	1
2809	1
5130	1
1511	1
497	1
1997	1
4039	1
3196	0
2309	1
4242	0
1822	0
67	0
3486	0
4975	0
3700	0
4581	1
1201	1
3575	1
4932	1
4320	1
2196	1
3179	1
2169	0
1178	0
4332	1
3786	0
2082	1
3333	0
1108	0
896	1
3187	0
4385	1
2222	0
1613	1
5297	1
3363	1
1106	0
4221	0
45	0
2193	1
3316	0
2338	1
1056	0
4452	0
4159	1
2895	0
1788	0
2009	1
1803	1
1399	1
5228	0
2954	1
1461	0
5337	0
2952	1
1956	0
4345	0
4030	0
1937	1
1039	1
946	1
4765	0
2035	0
5084	0
1417	0
151	0
358	0
2215	1
3892	0
2038	1
1765	0
1787	0
1873	0
3098	1
4154	0
99	0
3602	0
2351	0
1124	0
4849	0
2788	0
2159	1
1237	0
3795	1
1468	0
5294	0
1051	1
490	1
4335	0
305	0
3518	1
3167	0
378	1
493	0
2061	1
3217	0
3793	1
1517	0
2535	0
3398	0
4199	0
1820	0
2991	0
1916	0
4983	0
447	0
140	0
3669	0
4050	1
2717	0
4164	0
4212	0
2039	1
3189	1
1243	0
4172	0
1117	1
925	0
4122	0
5075	0
545	1
3693	0
2112	1
2825	0
2995	0
3934	1
2859	0
5407	1
1318	1
763	0
5351	1
4572	1
1128	1
27	0
599	0
915	0
2632	1
729	1
4397	0
116	0
2584	1
1480	1
2640	0
4299	1
4371	1
846	1
2641	0
4283	1
315	0
600	0
2721	1
5396	0
4803	1
2739	1
412	0
2385	0
2926	1
726	0
3292	0
5335	1
4847	1
955	1
531	1
2178	1
5019	0
3050	0
4760	1
401	0
579	0
2494	0
3384	0
1350	0
5402	0
4294	0
3238	1
2320	0
630	0
1330	0
3268	0
4125	0
3201	0
1620	0
2863	0
5208	0
3491	1
3102	0
54	1
816	1
428	0
5412	1
4698	0
4468	1
3881	0
114	1
5154	1
2941	0
39	0
4370	1
1610	0
4669	1
5184	1
1711	0
5328	0
5145	1
4088	0
1125	0
3488	0
3944	1
4445	1
2483	1
2000	0
5435	0
1305	0
1364	0
2274	1
2536	0
1274	1
1452	1
1746	0
4999	1
778	1
3948	0
4660	0
425	0
3587	1
3039	1
72	0
4059	0
1704	1
4410	0
932	0
2705	1
50	1
2126	0
2686	0
2255	0
1225	1
4876	1
5376	0
4289	1
453	0
3042	1
1054	1
692	0
5441	0
4674	0
4781	0
4752	0
3388	0
4360	0
3784	1
3569	0
2682	0
2822	0
4875	0
1340	0
172	0
1232	1
4413	0
2843	1
2574	1
3907	1
61	1
4380	1
637	0
4665	0
4496	1
106	0
1973	0
2997	1
1153	0
127	0
3033	0
3988	1
1979	1
5343	1
521	0
1993	1
4505	0
4793	1
1648	0
2909	1
3853	1
5458	0
1802	1
3504	0
5216	0
391	1
175	0
4522	0
1570	0
926	0
4434	0
3600	0
933	0
605	0
4145	0
508	1
3009	1
2271	1
3914	0
5048	0
1041	1
2282	0
1553	0
2312	0
2731	0
3022	1
3616	0
4411	0
2855	1
4670	1
3327	1
2652	1
2491	1
5230	0
95	0
1647	1
3581	1
671	0
2751	0
4943	0
121	0
3911	0
592	1
760	0
2265	0
4757	1
299	1
4639	0
612	0
1817	0
2893	0
1298	1
1858	0
3970	1
5249	1
2542	1
2281	0
5163	0
4536	0
733	0
678	1
1503	0
960	1
882	0
230	1
5506	0
4473	1
3865	1
3737	0
1779	0
4712	1
5358	0
5459	1
2106	0
3443	0
2276	0
4704	1
4290	0
384	1
1667	1
2585	0
1887	1
3444	1
1137	0
5496	0
2888	0
1543	1
3791	0
4751	0
4574	0
3262	0
1835	1
1010	0
4062	1
75	0
339	0
2989	1
1513	0
2251	1
887	1
2774	1
2423	1
3967	0
794	0
2629	1
5259	1
500	1
4432	1
2938	1
5439	0
4570	1
4077	0
5152	1
1702	0
2729	1
1060	1
1791	0
4837	0
3606	0
460	0
2671	0
1050	0
2900	1
1777	0
5143	0
2368	1
2852	0
4027	1
2662	1
3833	0
3277	1
3891	1
1444	0
4933	0
4811	0
3845	1
2325	0
34	1
1855	0
584	0
2627	1
1846	1
2210	0
4402	1
3732	1
5195	0
5395	1
5131	0
5503	1
4160	0
5320	0
2389	1
2125	0
4968	0
2622	0
5285	0
1662	0
3536	0
4140	0
5035	1
1748	1
5476	0
991	1
105	1
3619	0
1572	1
1449	1
202	1
3045	1
47	0
5257	0
2734	0
699	0
5109	0
4228	0
1353	0
248	0
4507	1
2713	0
5331	0
2348	1
2044	0
2736	0
2698	1
386	0
3709	1
805	0
831	0
3535	1
4079	1
1675	0
5144	0
3993	1
1112	1
3178	0
874	1
3654	1
3888	1
3141	0
4471	0
2747	1
1741	0
3164	0
1515	0
5394	1
1223	0
1737	0
4753	1
399	1
5426	0
752	1
1466	0
4806	0
3801	1
4339	0
2578	0
892	0
281	0
452	1
1401	1
3105	0
5146	1
1003	1
2211	0
2416	1
4918	1
4440	0
899	1
1759	1
3870	0
4431	0
2307	0
2188	0
818	1
1450	0
2245	1
3137	1
2254	1
1352	0
3476	0
2530	0
2366	1
5199	0
4547	1
3753	0
4543	0
4844	1
4179	1
3151	0
98	0
3514	0
2228	1
3819	0
4779	1
5150	1
1724	1
4487	0
4084	0
2311	1
104	0
1154	0
3361	0
3263	0
4485	0
3609	1
2116	0
4676	0
470	0
1693	0
1697	1
3624	1
2870	1
898	0
2226	0
4980	0
3020	0
4568	0
4080	0
597	0
5427	1
3148	0
4218	0
1929	1
4638	0
4620	0
2155	0
444	1
3831	0
3199	1
4158	0
5377	0
5214	1
2915	0
5194	0
2152	0
3027	1
696	0
555	1
404	0
2929	1
307	0
767	0
2765	0
5341	0
4655	1
2497	1
694	1
388	1
199	1
96	0
5493	1
558	0
4658	1
347	0
5102	1
2969	1
4865	0
4423	1
2220	1
4419	1
3904	1
4961	1
4915	1
4053	0
2007	0
4425	1
3298	0
1348	0
4491	0
3127	0
3776	0
3923	0
3302	0
4275	0
1901	1
1800	1
5129	1
5213	0
1906	1
3304	1
1280	0
2554	0
282	1
2248	0
1863	1
604	1
1841	0
3190	1
3924	0
4976	0
68	0
86	0
4979	0
2200	0
1975	0
3708	0
5001	1
3128	1
1617	1
4759	1
179	0
2547	1
413	0
610	1
1236	0
288	1
2185	1
4593	1
2502	0
145	1
2365	1
1821	0
1626	1
256	1
2966	0
861	0
2246	1
1525	0
4717	1
2873	0
2656	0
3214	0
477	0
5040	0
975	1
3056	0
1040	1
4711	1
3191	1
5279	0
1075	0
5187	1
1815	0
4896	1
4142	0
2050	0
3836	1
2272	1
5036	1
4549	0
720	0
4190	0
3691	0
3276	1
2653	0
2072	0
4871	0
4898	1
333	0
5436	0
3338	0
4047	0
258	0
1582	0
3920	0
4794	1
4094	1
1425	0
5122	0
1963	1
3628	1
372	0
4870	1
2392	1
2588	1
1174	1
2006	0
1966	0
2128	0
1132	0
4635	0
501	1
3763	1
928	0
5153	1
535	0
2744	0
3979	1
1857	1
554	1
1214	1
4726	1
4116	1
5251	1
798	1
4842	0
2889	0
4484	1
5484	1
2857	1
4415	1
974	0
2504	0
1341	0
5468	0
40	1
4475	0
180	1
1718	1
2214	0
902	0
3876	0
931	0
3500	1
913	0
314	1
3678	0
2621	1
4443	0
867	0
2595	1
3699	0
4942	0
3094	1
3656	0
2570	1
3902	1
5286	1
1098	1
622	1
3470	0
2667	1
3918	1
5303	0
5287	0
1991	1
2752	1
383	0
377	1
2283	0
836	0
770	0
2216	1
1390	0
3464	0
2944	0
1281	1
2417	0
3623	1
4899	0
1760	0
4393	0
3279	0
1888	1
2672	1
2107	1
2354	1
4626	1
1394	0
5400	1
1826	0
4700	1
443	1
2816	1
5118	0
4204	1
5120	0
4734	1
2099	0
4427	1
455	0
1486	0
3205	0
289	1
2360	0
2917	1
3318	1
3629	0
817	0
3349	0
3594	0
1402	1
2899	0
5022	1
242	1
3241	0
4754	0
680	0
4654	0
4684	1
290	1
4259	0
522	0
1472	1
112	0
1324	0
2817	0
5422	0
4656	0
2837	0
2457	0
474	0
711	0
3513	0
1085	1
64	1
620	0
2067	0
2326	0
3235	0
30	0
3356	1
906	0
813	1
3808	0
5327	1
753	1
4020	1
1317	1
233	1
4771	0
2356	0
3345	0
4246	0
1368	1
2288	0
3746	0
494	0
3735	1
3275	1
3287	0
5324	0
4679	0
2639	0
4336	0
4814	1
300	0
3885	1
4070	1
4495	0
2798	1
1983	1
700	0
3879	1
1573	1
137	0
295	0
2791	0
2881	1
2887	1
4830	1
4058	0
4554	1
1397	1
2565	1
4038	0
631	1
3901	0
3721	0
2746	0
581	0
4792	0
1871	1
1642	0
4744	0
842	0
2133	0
4281	0
1363	1
2669	0
3152	0
3625	0
4834	0
5050	0
4131	0
2468	1
3658	0
5003	1
5388	1
1320	1
2261	0
1784	1
3395	1
2775	1
1365	0
37	1
2945	0
3242	0
3703	1
1304	1
528	1
4383	0
1504	1
4929	0
4701	0
3043	0
1866	0
2851	0
5169	1
1592	0
4621	0
1892	1
4836	0
5371	1
909	1
456	1
4241	0
141	1
2154	0
1731	0
283	1
5348	0
4	0
2388	0
4797	0
2854	1
5379	0
2008	1
5278	0
5262	0
2337	1
158	0
1602	1
275	1
5445	0
5429	0
2981	0
4825	0
1733	1
1034	0
3010	0
4997	1
4324	0
3861	0
1386	0
1881	1
2470	1
435	1
1522	1
3096	0
4605	0
3157	1
2108	1
376	0
5461	0
5064	1
2564	1
2805	0
3317	0
2559	1
2397	1
4264	0
4950	1
3412	0
5246	0
2240	1
393	0
3736	0
2923	0
82	0
420	0
2480	0
2174	0
53	1
155	1
4703	0
2742	1
5502	0
4188	1
1501	1
1550	1
4702	0
900	0
1936	0
1615	0
506	0
3767	0
3750	0
1284	1
930	1
3759	0
4227	0
2661	0
4798	0
2589	0
5352	0
1593	0
4008	0
1612	0
747	0
4309	0
4337	0
3622	0
237	1
4577	1
2199	1
3121	1
1969	0
3131	1
3897	0
3482	1
2908	1
2135	0
3980	1
432	1
3774	0
808	1
4970	0
192	0
2724	0
2850	0
5229	1
4930	1
2882	0
1720	1
392	0
5434	0
4887	0
2956	0
2208	0
1411	1
4725	1
1663	1
387	1
3809	0
83	1
154	1
664	1
1491	0
263	1
4379	1
43	0
4430	1
2461	0
5319	0
3369	0
4695	1
4175	0
4959	1
1618	0
1994	0
4783	0
2512	0
3607	0
1932	1
1490	0
822	1
243	0
4730	1
5332	0
2940	1
578	0
3374	1
5207	0
244	1
2668	1
3579	1
4671	1
712	1
2330	1
1903	1
3434	1
2231	1
5168	0
1213	0
2202	1
5261	0
3981	1
2352	0
2349	0
1744	0
2432	1
853	0
1481	1
4102	0
3519	0
4750	0
4664	1
4466	0
5181	0
4747	1
3422	0
4897	1
1955	1
1689	0
941	0
4966	0
2304	1
4298	1
3041	0
3423	0
4667	0
1669	0
2967	0
1876	1
3542	0
804	0
1288	1
2834	1
3011	1
1151	0
3439	0
5073	0
4378	1
5473	1
3583	0
4233	0
4808	0
3272	0
3525	1
910	1
4087	1
5372	0
461	0
964	1
2858	0
3848	0
875	0
285	0
168	1
3475	0
3394	0
343	0
907	0
2756	0
2233	0
171	0
1891	0
1819	0
2454	1
762	0
5028	0
1204	1
4006	0
2573	0
3574	0
60	0
1884	0
4412	0
4787	0
2799	1
3390	0
2103	1
3539	1
4252	0
3560	0
1595	0
2663	1
1287	1
1512	0
5086	1
4348	0
3337	0
5065	1
3745	1
1337	0
183	0
5189	0
673	1
181	1
2319	0
709	0
1063	1
118	0
3218	0
4123	1
4216	0
657	0
3478	1
115	0
820	0
3430	0
3830	0
2230	1
1134	1
5049	1
775	0
1703	0
2541	1
4143	0
351	1
4988	0
1250	1
4756	0
4696	0
3404	1
3208	0
3627	1
2313	1
4960	1
5508	0
135	0
5369	0
5500	1
178	0
2015	1
1569	0
4809	0
5024	0
4115	0
4557	0
3222	1
3340	0
1159	1
3135	1
3028	0
3357	0
4300	1
4534	0
139	0
1813	1
355	0
4398	0
3896	1
5180	0
201	0
74	0
2393	0
2830	1
5096	1
4261	0
1094	0
2522	1
4733	0
221	0
3037	0
4741	0
4268	1
4772	1
687	0
3546	0
4436	0
2442	1
3147	1
190	1
3299	0
634	0
1485	0
4134	1
51	1
1526	0
209	1
5501	0
5104	0
5274	0
4035	0
5193	1
176	0
4091	0
1342	0
5318	1
2238	0
4551	0
2407	1
1375	1
2948	1
5362	1
4128	0
2828	1
1875	1
1707	0
1611	0
5043	1
4864	1
828	0
1859	1
92	0
2758	0
3543	0
1432	1
727	0
4829	1
373	0
4017	0
1475	0
2743	0
5472	0
5128	0
4659	1
2020	0
3433	1
19	0
4634	0
621	1
108	0
5147	1
1996	1
3740	0
1867	0
2936	1
4977	1
4737	0
4958	0
1090	0
3311	1
511	0
1044	0
4223	1
1015	0
1806	1
1686	1
2372	1
319	0
1218	0
4790	0
2999	0
389	0
2069	0
4965	0
3773	0
4222	1
411	1
774	0
5148	1
2449	0
3113	1
980	1
2139	0
4630	1
1102	0
20	1
495	1
1694	1
4315	0
2587	0
2092	0
2676	0
4906	1
4780	0
3531	1
888	1
4406	0
2907	1
1087	0
76	0
2796	0
2524	1
3162	0
749	1
56	0
1710	1
345	1
4032	0
4373	1
3994	0
4848	1
4260	0
1221	1
785	1
469	0
5462	0
1403	0
4141	0
1408	1
5100	1
4931	0
1897	0
2056	1
3171	1
2156	0
4563	0
2911	0
2931	0
4857	0
100	0
2464	0
2511	0
1538	1
2148	0
3958	0
3886	0
3975	1
22	0
2455	1
1913	0
4982	1
984	0
1551	1
1267	1
3250	0
4409	0
3765	0
4556	0
3608	1
1495	0
1367	1
3963	1
2768	1
28	0
2049	1
4224	0
458	1
2243	1
3936	0
2342	0
5089	1
1831	0
336	0
3610	0
552	0
1336	0
4974	1
3325	0
2902	0
3248	1
182	1
2033	1
2708	1
4054	0
1433	1
1604	0
2127	0
3842	1
1266	1
4284	0
2387	1
4728	0
2607	0
845	0
73	0
1908	0
3516	0
4392	1
5453	1
1220	0
1021	0
3264	1
2878	1
3372	1
462	0
2518	1
4714	0
1388	0
1554	0
2596	1
3046	0
5240	0
1636	1
365	0
1205	0
1548	0
4666	1
3245	0
735	0
3756	1
2474	0
1798	0
3107	0
1262	1
4147	1
1030	0
2605	1
5497	0
1696	0
891	1
1938	1
133	1
232	1
2575	0
301	1
1709	0
3877	0
4953	0
3552	0
5121	1
1712	0
4226	0
1962	0
1354	0
4940	1
2488	0
924	1
5284	0
2646	1
2390	0
2167	0
249	1
3258	0
3564	1
227	0
3908	1
1396	1
359	1
1911	0
3995	1
4514	0
2501	1
1557	0
2785	0
606	1
3684	1
567	0
3040	1
3019	0
5066	1
3999	0
3129	0
3899	0
3949	1
2800	0
4066	0
5044	0
5277	0
4861	0
5323	0
3566	0
5403	1
332	0
3675	1
5011	0
5392	0
472	0
1292	0
1653	1
1879	0
5055	1
3668	0
1069	1
4993	1
1722	0
2580	1
2100	0
2405	0
2263	0
2949	1
2071	0
921	1
977	0
2678	0
717	1
593	0
206	0
750	0
3578	1
3816	1
3517	1
3673	0
2781	0
958	1
2577	0
466	0
973	1
3301	0
2478	0
418	0
3694	0
4097	1
3260	0
402	1
4934	0
1494	1
2811	0
235	0
3726	0
297	0
277	0
5302	1
1923	0
517	0
4448	0
4295	0
4150	1
2190	0
215	1
2753	0
1076	1
1290	0
3838	1
1599	0
2143	0
2179	0
4565	0
1828	0
3401	1
3228	1
3794	0
3598	1
5270	0
1457	0
3297	0
5415	0
4205	0
5244	1
4611	1
940	1
1172	0
4657	0
772	1
2328	0
821	0
4317	0
2426	1
3968	0
2741	0
3664	0
2027	0
3125	0
3940	0
2598	0
1260	1
2219	1
4112	0
3863	1
2510	1
3441	0
3557	0
1527	0
1679	0
4208	0
1614	1
1917	0
3103	0
5375	1
4996	0
4106	0
5408	1
2259	0
5316	0
4530	0
4274	0
3544	1
629	1
2291	1
1006	1
320	1
3524	0
2657	0
2980	0
5477	1
516	1
1066	1
2520	1
2538	1
1192	1
3637	0
833	0
656	1
851	0
5321	1
5015	0
790	0
421	1
3938	0
1989	0
1211	0
200	1
4014	1
5203	0
1239	1
855	1
3727	1
639	1
4815	0
5387	0
879	1
4805	1
5125	1
666	0
1079	1
1922	1
1099	0
3074	1
825	1
5271	1
4012	1
5056	0
4540	0
756	0
1316	0
2526	1
3817	1
1769	0
4548	0
3705	1
4003	1
3601	0
740	1
1465	1
3825	0
3696	0
5382	1
4308	1
3997	0
3466	1
3285	1
2550	0
3123	1
4978	0
4886	0
4453	1
1200	0
5090	0
4521	1
1381	0
1289	0
220	0
1870	1
1392	1
1560	0
3424	0
3964	0
2783	0
1478	1
1421	0
2847	0
2835	0
2331	1
4231	1
4831	0
5505	1
4822	1
259	0
408	0
547	1
2401	1
3460	0
1589	0
708	0
1638	0
1114	1
265	0
1212	1
1131	1
4879	0
4293	0
4973	0
4399	0
4444	0
3155	1
1921	0
1688	1
1052	1
5008	0
562	0
1621	1
734	0
1070	0
1377	1
660	0
3296	0
4755	0
342	0
3563	0
3005	1
1437	1
944	0
2787	0
2842	0
4285	0
2239	0
1910	0
1678	0
2992	1
1407	0
252	1
3667	1
3523	0
1045	0
278	0
2197	0
4683	0
5397	0
25	1
4951	0
334	1
4775	1
3562	0
2209	0
5322	1
686	0
2937	0
643	0
5212	0
4362	0
3034	1
1049	0
689	0
1379	0
1635	1
1810	1
2431	1
5023	1
1824	1
949	0
3379	1
4531	1
5478	0
3688	0
595	0
2047	1
4318	1
240	0
998	0
1447	1
2958	0
3017	1
5085	0
2186	0
5067	0
394	0
987	0
4265	1
3761	1
5110	1
1771	0
2651	0
3639	1
3270	0
3646	0
5313	1
5123	0
3448	0
3593	1
434	1
3012	0
3760	0
5135	0
4403	0
5295	1
5405	1
2250	0
2658	0
2206	0
2268	1
1483	0
4971	0
1046	0
2136	0
2232	1
615	0
4052	0
4963	0
2569	0
4048	0
2080	1
1811	1
2824	0
2685	0
3487	0
2703	0
4036	0
403	0
1321	0
3402	1
2548	1
3072	0
1322	1
4057	0
3857	0
3972	1
4270	0
120	0
2818	0
5326	0
1597	0
340	1
3821	0
1715	1
2182	0
5237	0
2109	1
876	0
1768	1
3339	1
1520	0
4535	0
837	1
335	0
3481	1
5238	1
5483	0
529	1
97	1
2296	0
1017	1
4456	1
596	1
1308	1
255	1
4912	0
530	0
3661	0
2754	0
627	0
4989	0
2549	0
3983	0
1242	1
3717	0
594	0
1664	0
3229	0
901	0
1730	1
895	1
525	0
4636	0
4101	1
3837	1
2572	0
3177	0
3216	0
1175	1
2269	0
2916	0
4905	1
4377	1
4247	0
3925	0
3122	1
4327	0
2355	0
1410	0
2838	0
5151	0
4099	0
4312	0
483	1
3532	0
1477	1
5103	1
814	0
4450	0
167	1
2058	0
4651	1
196	1
4442	0
119	1
3392	0
3294	0
1656	1
4575	0
5391	0
4629	1
4749	0
3065	0
1524	1
3655	1
690	1
4369	0
4157	0
3577	0
2720	0
10	1
2687	0
1671	1
1606	0
5206	1
3195	0
4144	0
3701	1
1814	1
769	1
1116	1
3815	1
1438	0
5220	0
5002	1
284	1
2081	1
2403	1
1574	0
1687	1
2450	0
1130	0
705	0
1561	1
4880	1
1473	0
1036	1
5416	1
4801	0
1716	1
2298	0
3984	0
677	0
2207	1
550	0
4513	1
260	0
1809	0
3582	0
3194	0
1008	0
1168	1
1893	0
1361	1
4591	0
3956	0
764	1
1181	0
3660	1
5260	1
3520	0
3955	1
1493	0
3992	1
3526	1
1899	1
2489	0
520	0
2519	0
4508	0
1193	0
4301	1
1555	1
1896	0
4375	1
3521	0
3227	0
1183	1
1682	0
4472	1
4353	1
198	1
69	1
4810	1
3576	1
101	1
3634	0
3383	1
1327	0
1240	0
3346	0
4029	1
3336	0
3202	1
1982	0
4588	0
2625	0
3269	0
4668	0
3291	1
429	0
971	0
826	1
4599	0
1950	0
1068	1
2475	1
4178	1
1918	0
5171	1
4739	1
1967	0
4163	0
3926	0
2942	0
5487	0
3511	1
737	0
4923	0
523	0
3387	1
713	0
582	1
2819	0
2377	0
3501	0
4083	0
3982	0
3528	1
2096	0
4519	0
3288	0
1705	1
2659	1
88	0
4041	0
1763	1
4904	0
1199	0
4768	0
5330	0
3803	0
725	0
754	0
5010	0
5108	1
2996	1
999	1
2379	0
390	0
5307	1
5254	1
4214	0
4428	0
722	0
3804	1
4736	0
1978	0
1169	0
4310	1
4596	0
3555	1
3266	0
1818	0
2486	0
1532	1
2543	0
1415	0
2364	1
3996	1
536	0
1173	1
4995	0
1179	0
3961	0
1941	1
4435	0
5386	1
4616	0
682	0
919	0
3077	0
1946	1
2892	0
3431	1
697	0
2813	0
2294	0
589	0
3271	0
1958	1
4938	0
65	0
5296	0
1129	1
1531	0
3253	1
1053	0
1568	0
1833	0
2362	1
4092	1
1107	0
4437	0
4909	0
3711	0
503	1
3469	0
3636	0
3393	1
214	0
4350	1
2381	0
3859	0
3613	0
479	0
3200	1
601	0
2476	1
1540	1
87	0
2376	1
603	1
1766	0
3106	1
2955	0
1311	0
2180	0
4786	0
3687	1
5170	0
4567	0
4729	0
5063	1
1649	0
5357	0
2692	1
4501	0
3204	1
113	0
4107	1
1110	0
5177	0
1808	0
4515	1
3211	1
1121	1
5156	0
3832	1
2170	0
801	0
3739	0
4612	0
2971	0
4219	0
4193	0
2458	0
2479	1
693	0
2134	0
2367	1
3506	0
3109	1
4941	0
2983	0
4946	0
2076	0
5166	0
5304	1
3417	0
1850	1
950	0
681	0
4374	1
496	1
2689	0
3428	1
3124	1
641	0
4919	0
3447	0
1109	0
1880	0
917	0
2359	1
26	0
3866	0
1460	1
3071	0
3334	0
1487	1
4935	1
5218	0
3233	0
2086	0
1954	1
2606	0
4343	1
4776	0
939	0
3868	1
3006	0
3545	0
2950	0
1082	0
238	1
4962	0
3303	0
3942	1
4069	1
3436	1
3666	0
1860	0
3432	1
2531	1
4492	0
4342	0
3731	1
4706	0
2322	1
583	0
1931	1
2063	0
1238	0
4499	0
4465	0
5437	0
4243	0
187	1
369	1
3305	0
3265	0
3847	0
1533	0
2445	1
2727	1
5004	1
1947	1
4738	0
29	0
3903	0
3409	0
2124	0
1086	0
3359	0
224	0
616	1
2085	0
2146	1
3495	1
854	1
1529	0
1537	0
213	0
1588	0
1312	1
1355	1
5469	0
2867	0
2642	1
368	1
426	0
2253	0
1640	0
728	1
2988	0
4046	0
3049	0
533	1
3977	0
1459	1
338	0
3757	0
4916	1
3446	1
3895	1
956	0
997	0
5449	0
2168	1
5185	0
4245	0
3807	0
2266	0
327	0
2105	1
1248	0
2814	1
4340	0
2302	1
5420	1
3533	0
1147	0
5346	0
134	1
4969	1
2187	1
1521	0
5097	0
4417	0
5492	0
2725	0
4720	0
3798	0
4944	1
3561	1
3397	0
3360	1
5281	1
1566	1
3894	1
702	0
1499	0
4386	1
1037	0
4553	0
2285	0
5428	1
4129	1
1556	0
3079	0
5491	0
1988	0
5499	1
3889	1
510	1
1700	1
4687	0
707	0
3166	0
440	0
3437	0
228	1
